João Silva,10000000000,0,Masculino,false,14/09/2025;
Maria Souza,10000000001,5,Feminino,true,19/02/2024;
Carlos Lima,10000000002,4,Masculino,true,20/12/2026;
Ana Paula,10000000003,0,Feminino,false,09/06/2026;
Fernanda Costa,10000000004,0,Masculino,false,19/10/2024;
Rafael Oliveira,10000000005,0,Feminino,false,20/03/2025;
Lucas Martins,10000000006,0,Masculino,false,04/01/2024;
Patricia Alves,10000000007,6,Feminino,true,14/10/2024;
Gabriel Rocha,10000000008,0,Masculino,false,26/09/2025;
Camila Fernandes,10000000009,6,Feminino,true,10/12/2024;
Bruno Santos,10000000010,3,Masculino,true,18/09/2025;
Juliana Melo,10000000011,1,Feminino,true,11/06/2026;
Ricardo Gomes,10000000012,2,Masculino,true,27/06/2024;
Aline Ribeiro,10000000013,0,Feminino,false,21/01/2025;
Thiago Pereira,10000000014,6,Masculino,true,11/09/2025;
Vanessa Lopes,10000000015,0,Feminino,false,27/01/2026;
Eduardo Carvalho,10000000016,0,Masculino,false,01/09/2026;
Larissa Dias,10000000017,0,Feminino,false,05/02/2025;
Felipe Araujo,10000000018,3,Masculino,true,18/11/2025;
Beatriz Nunes,10000000019,0,Feminino,false,04/10/2024;
André Teixeira,10000000020,0,Masculino,false,09/01/2026;
Renata Barros,10000000021,0,Feminino,false,15/06/2024;
Marcos Vinicius,10000000022,0,Masculino,false,12/02/2024;
Sabrina Freitas,10000000023,1,Feminino,true,01/09/2025;
Diego Moreira,10000000024,2,Masculino,true,24/08/2025;
Paulo Henrique,10000000025,0,Feminino,false,27/02/2024;
Tatiane Moraes,10000000026,2,Masculino,true,15/01/2026;
Vinicius Cardoso,10000000027,1,Feminino,true,22/01/2025;
Elaine Batista,10000000028,3,Masculino,true,04/01/2025;
Leonardo Cunha,10000000029,0,Feminino,false,25/10/2024;
Carlos Henrique,34567890123,1,Masculino,true,26/02/2024;
André Martins,88990011223,4,Masculino,true,01/03/2024;
Renata Martins,99001122334,2,Feminino,true,13/05/2024;
Felipe Rocha,10111213141,4,Masculino,false,25/05/2024;
Maria Oliveira,23456789012,2,Feminino,true,08/06/2024;
Beatriz Souza,77889900112,2,Feminino,false,08/07/2024;
João Pereira,12345678901,3,Masculino,false,27/08/2024;
Pedro Santos,22334455667,4,Masculino,true,15/09/2024;
Ana Clara,45678901234,0,Feminino,false,16/09/2024;
Diego Oliveira,66778899001,0,Masculino,false,20/03/2025;
Fernanda Lima,67890123456,1,Feminino,true,20/04/2025;
Patrícia Alves,11223344556,4,Feminino,false,30/05/2025;
Marcos Silva,56789012345,4,Masculino,true,26/09/2025;
Rafael Souza,78901234567,4,Masculino,false,15/10/2025;
Camila Rocha,33445566778,2,Feminino,true,11/11/2025;
Lucas Almeida,90123456789,0,Masculino,false,23/12/2025;
Juliana Santos,89012345678,2,Feminino,true,14/01/2026;
Bruno Costa,44556677889,1,Masculino,false,16/02/2026;
Larissa Costa,55667788990,1,Feminino,true,17/03/2026;
Aline Pereira,20212223242,0,Feminino,false,09/04/2026;
Joao Silva,11111111111,2,Masculino,true,01/04/2026;
Maria Souza,22222222222,1,Feminino,true,01/04/2026;
Carlos Lima,33333333333,3,Masculino,false,02/04/2026;
Ana Paula,44444444444,2,Feminino,true,02/04/2026;
Pedro Santos,55555555555,1,Masculino,false,03/04/2026;
Fernanda Rocha,66666666666,4,Feminino,true,03/04/2026;
Lucas Oliveira,77777777777,2,Masculino,true,04/04/2026;
Juliana Costa,88888888888,1,Feminino,false,04/04/2026;
Bruno Almeida,99999999999,3,Masculino,true,05/04/2026;
Patricia Mendes,10101010101,2,Feminino,true,05/04/2026;
Rafael Gomes,12121212121,1,Masculino,false,06/04/2026;
Camila Ferreira,13131313131,2,Feminino,true,06/04/2026;
Diego Martins,14141414141,4,Masculino,true,07/04/2026;
Amanda Ribeiro,15151515151,1,Feminino,false,07/04/2026;
Thiago Alves,16161616161,2,Masculino,true,08/04/2026;
Larissa Barbosa,17171717171,3,Feminino,true,08/04/2026;
Gabriel Castro,18181818181,1,Masculino,false,09/04/2026;
Beatriz Nunes,19191919191,2,Feminino,true,09/04/2026;
Mateus Freitas,20202020202,3,Masculino,true,10/04/2026;
Vanessa Cardoso,21212121212,1,Feminino,false,10/04/2026;
mateus coelho,02916805000,3,Masculino,true,06/05/2026;
clara giovana,12345678910,0,Feminino,false,09/05/2026;
